"Multisizer","2020-01-24  15:06"
"File name:","0K_606_2020-01-24_13.#m4"
"Generation:","0K"
"Population:","606"
"Control mode:","Volumetric,  100  uL"
"Acquired:","2020-01-24  15:05"
"Size bins:","200"
"From","0.600"
"To","3.500"
"Sizing threshold:","0.600"
"Total pulses:","1675"
"Counting threshold:","0.600"
"Counts above threshold:","1675"
"Coincidence corrected:","1677"

"From","0.113"
"To","22.45"
"Number ",1677
"Mean:","0.470"
"Median:","0.435"
"D(0,0):",0.928
"Mean/Median ratio:","1.082"
"Mode:","0.456"
"95% Conf. Limits:","0.451"
"95% Conf. Limits:","0.490"
"S.D.:","0.401"
"Variance:","0.161"
"C.V.:","85.31"
"Skewness:","17.17"
"Kurtosis:","404.7"
"d10:","0.249"
"d50:","0.435"
"d90:","0.659"
"Specific Surf. Area:","59603"

"% <","Size "
10,0.249
25,0.341
50,0.435
75,0.535
90,0.659

"% >","Size "
10,0.659
25,0.535
50,0.435
75,0.341
90,0.249

"Size ","% <"
1,97.7
10,99.9
100,100
1000,100

"Size ","% >"
1,2.34
10,0.12
100,0
1000,0

"Volume"
"%"
10
25
50
75
90

"Bin Number","Diff.","Bin Volume (Lower)","Bin Volume (Center)","Bin Volume (Upper)"
"","Number","fL","fL","fL"
1,35,0.113,0.117,0.121
2,27,0.121,0.126,0.130
3,14,0.130,0.135,0.140
4,6,0.140,0.144,0.149
5,2,0.149,0.154,0.159
6,4,0.159,0.165,0.170
7,8,0.170,0.175,0.181
8,16,0.181,0.186,0.192
9,8,0.192,0.198,0.204
10,10,0.204,0.210,0.217
11,12,0.217,0.223,0.229
12,12,0.229,0.236,0.243
13,20,0.243,0.250,0.257
14,31,0.257,0.264,0.271
15,32,0.271,0.279,0.286
16,30,0.286,0.294,0.302
17,43,0.302,0.310,0.318
18,75,0.318,0.326,0.334
19,71,0.334,0.343,0.351
20,84,0.351,0.360,0.369
21,87,0.369,0.378,0.387
22,87,0.387,0.397,0.406
23,83,0.406,0.416,0.426
24,85,0.426,0.436,0.446
25,101,0.446,0.456,0.467
26,103,0.467,0.478,0.488
27,79,0.488,0.499,0.510
28,109,0.510,0.522,0.533
29,66,0.533,0.545,0.556
30,65,0.556,0.568,0.581
31,44,0.581,0.593,0.605
32,32,0.605,0.618,0.631
33,31,0.631,0.644,0.657
34,28,0.657,0.670,0.684
35,22,0.684,0.697,0.711
36,24,0.711,0.725,0.740
37,8,0.740,0.754,0.769
38,8,0.769,0.784,0.798
39,6,0.798,0.814,0.829
40,8,0.829,0.845,0.860
41,5,0.860,0.876,0.892
42,8,0.892,0.909,0.925
43,2,0.925,0.942,0.959
44,6,0.959,0.976,0.993
45,4,0.993,1.011,1.029
46,0,1.029,1.047,1.065
47,6,1.065,1.083,1.102
48,2,1.102,1.121,1.140
49,6,1.140,1.159,1.178
50,4,1.178,1.198,1.218
51,0,1.218,1.238,1.258
52,2,1.258,1.279,1.300
53,0,1.300,1.321,1.342
54,0,1.342,1.363,1.385
55,2,1.385,1.407,1.429
56,0,1.429,1.452,1.474
57,2,1.474,1.497,1.520
58,2,1.520,1.543,1.567
59,0,1.567,1.591,1.614
60,0,1.614,1.639,1.663
61,2,1.663,1.688,1.713
62,0,1.713,1.738,1.764
63,0,1.764,1.789,1.815
64,0,1.815,1.842,1.868
65,0,1.868,1.895,1.922
66,0,1.922,1.949,1.976
67,0,1.976,2.004,2.032
68,0,2.032,2.060,2.089
69,0,2.089,2.118,2.147
70,0,2.147,2.176,2.206
71,0,2.206,2.236,2.265
72,0,2.265,2.296,2.327
73,0,2.327,2.358,2.389
74,0,2.389,2.420,2.452
75,2,2.452,2.484,2.516
76,0,2.516,2.549,2.582
77,0,2.582,2.615,2.648
78,0,2.648,2.682,2.716
79,2,2.716,2.750,2.785
80,0,2.785,2.820,2.855
81,0,2.855,2.890,2.926
82,0,2.926,2.962,2.998
83,0,2.998,3.035,3.071
84,0,3.071,3.109,3.146
85,0,3.146,3.184,3.222
86,0,3.222,3.261,3.299
87,0,3.299,3.338,3.377
88,0,3.377,3.417,3.457
89,0,3.457,3.497,3.538
90,0,3.538,3.579,3.620
91,0,3.620,3.661,3.703
92,0,3.703,3.745,3.788
93,0,3.788,3.831,3.873
94,0,3.873,3.917,3.961
95,0,3.961,4.005,4.049
96,0,4.049,4.094,4.139
97,0,4.139,4.184,4.230
98,0,4.230,4.276,4.322
99,0,4.322,4.369,4.416
100,0,4.416,4.463,4.511
101,0,4.511,4.559,4.607
102,0,4.607,4.656,4.705
103,0,4.705,4.755,4.804
104,0,4.804,4.854,4.905
105,0,4.905,4.956,5.007
106,0,5.007,5.058,5.110
107,0,5.110,5.162,5.215
108,0,5.215,5.268,5.321
109,0,5.321,5.375,5.428
110,0,5.428,5.483,5.537
111,0,5.537,5.593,5.648
112,0,5.648,5.704,5.760
113,0,5.760,5.816,5.873
114,0,5.873,5.931,5.988
115,0,5.988,6.046,6.104
116,0,6.104,6.163,6.222
117,0,6.222,6.282,6.342
118,0,6.342,6.402,6.462
119,0,6.462,6.524,6.585
120,0,6.585,6.647,6.709
121,0,6.709,6.772,6.834
122,0,6.834,6.898,6.961
123,0,6.961,7.026,7.090
124,0,7.090,7.155,7.220
125,0,7.220,7.286,7.352
126,0,7.352,7.419,7.485
127,0,7.485,7.553,7.620
128,0,7.620,7.689,7.757
129,0,7.757,7.826,7.895
130,0,7.895,7.965,8.035
131,0,8.035,8.106,8.176
132,0,8.176,8.248,8.319
133,0,8.319,8.392,8.464
134,0,8.464,8.537,8.611
135,0,8.611,8.685,8.759
136,0,8.759,8.834,8.909
137,0,8.909,8.984,9.060
138,2,9.060,9.137,9.213
139,0,9.213,9.291,9.368
140,0,9.368,9.447,9.525
141,0,9.525,9.604,9.683
142,0,9.683,9.764,9.844
143,0,9.844,9.925,10.01
144,0,10.01,10.09,10.17
145,0,10.17,10.25,10.33
146,0,10.33,10.42,10.50
147,0,10.50,10.59,10.67
148,0,10.67,10.76,10.84
149,2,10.84,10.93,11.01
150,0,11.01,11.10,11.19
151,0,11.19,11.28,11.37
152,0,11.37,11.45,11.54
153,0,11.54,11.63,11.72
154,0,11.72,11.81,11.91
155,0,11.91,12.00,12.09
156,0,12.09,12.18,12.27
157,0,12.27,12.37,12.46
158,0,12.46,12.56,12.65
159,0,12.65,12.75,12.84
160,0,12.84,12.94,13.04
161,0,13.04,13.13,13.23
162,0,13.23,13.33,13.43
163,0,13.43,13.53,13.63
164,0,13.63,13.73,13.83
165,0,13.83,13.93,14.03
166,0,14.03,14.13,14.24
167,0,14.24,14.34,14.44
168,0,14.44,14.55,14.65
169,0,14.65,14.76,14.86
170,0,14.86,14.97,15.08
171,0,15.08,15.18,15.29
172,0,15.29,15.40,15.51
173,0,15.51,15.62,15.73
174,0,15.73,15.84,15.95
175,0,15.95,16.06,16.17
176,0,16.17,16.28,16.40
177,0,16.40,16.51,16.62
178,0,16.62,16.74,16.85
179,0,16.85,16.97,17.09
180,0,17.09,17.20,17.32
181,0,17.32,17.44,17.55
182,0,17.55,17.67,17.79
183,0,17.79,17.91,18.03
184,0,18.03,18.15,18.27
185,0,18.27,18.40,18.52
186,0,18.52,18.64,18.77
187,0,18.77,18.89,19.01
188,0,19.01,19.14,19.26
189,0,19.26,19.39,19.52
190,0,19.52,19.65,19.77
191,0,19.77,19.90,20.03
192,0,20.03,20.16,20.29
193,0,20.29,20.42,20.55
194,0,20.55,20.68,20.82
195,0,20.82,20.95,21.08
196,0,21.08,21.22,21.35
197,0,21.35,21.49,21.62
198,0,21.62,21.76,21.90
199,0,21.90,22.03,22.17
200,0,22.17,22.31,22.45
,,22.45,,

"Sequence","Time","Volume","Diameter"
"","seconds","fL","um"
1,0.000,0.407,0.919
2,0.027,0.480,0.971
3,0.054,0.596,1.044
4,0.081,0.561,1.023
5,0.109,0.333,0.860
6,0.136,1.070,1.269
7,0.163,0.321,0.850
8,0.190,0.847,1.174
9,0.205,0.415,0.926
10,0.221,0.348,0.873
11,0.236,0.452,0.953
12,0.252,0.800,1.152
13,0.267,0.435,0.940
14,0.282,0.830,1.166
15,0.298,0.428,0.935
16,0.313,0.461,0.958
17,0.328,0.596,1.044
18,0.344,1.164,1.305
19,0.359,0.519,0.997
20,0.375,1.512,1.424
21,0.390,0.533,1.006
22,0.430,0.244,0.775
23,0.470,0.337,0.864
24,0.510,0.419,0.929
25,0.550,0.445,0.947
26,0.590,0.606,1.050
27,0.605,0.412,0.923
28,0.621,0.601,1.047
29,0.636,0.389,0.906
30,0.652,0.631,1.064
31,0.667,0.337,0.864
32,0.682,0.291,0.823
33,0.698,0.398,0.913
34,0.713,0.543,1.012
35,0.728,0.115,0.604
36,0.744,0.116,0.605
37,0.759,0.203,0.729
38,0.775,0.136,0.638
39,0.790,1.172,1.308
40,0.815,0.407,0.919
41,0.840,0.365,0.886
42,0.865,0.329,0.856
43,0.890,0.347,0.872
44,0.915,0.260,0.792
45,0.940,0.350,0.874
46,0.965,0.830,1.166
47,0.990,0.446,0.948
48,1.008,0.137,0.640
49,1.026,0.462,0.959
50,1.045,0.798,1.151
51,1.063,1.172,1.308
52,1.081,0.518,0.997
53,1.099,0.382,0.900
54,1.117,0.327,0.855
55,1.135,0.718,1.111
56,1.154,0.332,0.859
57,1.172,0.405,0.918
58,1.190,0.116,0.606
59,1.203,1.028,1.252
60,1.217,0.217,0.745
61,1.230,0.188,0.710
62,1.243,0.574,1.031
63,1.257,0.996,1.239
64,1.270,0.586,1.038
65,1.283,0.420,0.930
66,1.297,0.738,1.121
67,1.310,0.351,0.876
68,1.323,0.464,0.960
69,1.337,0.470,0.965
70,1.350,0.435,0.940
71,1.363,0.401,0.915
72,1.377,0.479,0.971
73,1.390,0.979,1.232
74,1.405,0.470,0.965
75,1.421,0.584,1.037
76,1.436,0.519,0.997
77,1.452,0.524,1.000
78,1.467,0.311,0.840
79,1.482,0.474,0.967
80,1.498,0.634,1.066
81,1.513,0.485,0.975
82,1.528,0.817,1.160
83,1.544,0.272,0.804
84,1.559,0.499,0.984
85,1.575,0.368,0.889
86,1.590,0.285,0.817
87,1.605,1.166,1.306
88,1.621,0.714,1.109
89,1.636,0.524,1.000
90,1.652,0.367,0.889
91,1.667,0.413,0.924
92,1.682,0.805,1.154
93,1.698,0.622,1.059
94,1.713,0.527,1.002
95,1.728,0.438,0.942
96,1.744,0.627,1.062
97,1.759,0.556,1.020
98,1.775,0.678,1.090
99,1.790,0.308,0.838
100,1.808,0.467,0.963
101,1.826,0.236,0.767
102,1.845,0.321,0.850
103,1.863,0.514,0.994
104,1.881,0.331,0.858
105,1.899,1.116,1.287
106,1.917,0.772,1.138
107,1.935,0.456,0.955
108,1.954,0.530,1.004
109,1.972,1.440,1.401
110,1.990,0.554,1.019
111,2.008,0.570,1.029
112,2.026,0.705,1.104
113,2.045,0.299,0.829
114,2.063,1.010,1.245
115,2.081,0.548,1.015
116,2.099,0.309,0.838
117,2.117,0.466,0.962
118,2.135,40.71,4.268
119,2.154,0.372,0.892
120,2.172,0.530,1.004
121,2.190,0.528,1.003
122,2.207,0.445,0.947
123,2.223,0.228,0.758
124,2.240,0.699,1.101
125,2.257,0.979,1.232
126,2.273,0.401,0.915
127,2.290,0.179,0.699
128,2.307,0.501,0.985
129,2.323,0.755,1.130
130,2.340,0.285,0.817
131,2.357,0.426,0.933
132,2.373,1.518,1.426
133,2.390,0.130,0.629
134,2.410,0.527,1.002
135,2.430,0.548,1.015
136,2.450,0.207,0.733
137,2.470,1.443,1.402
138,2.490,0.471,0.965
139,2.510,0.567,1.027
140,2.530,0.556,1.020
141,2.550,0.798,1.151
142,2.570,0.682,1.092
143,2.590,0.477,0.969
144,2.603,0.362,0.884
145,2.615,0.335,0.861
146,2.628,0.244,0.775
147,2.640,0.364,0.886
148,2.653,0.290,0.822
149,2.665,1.235,1.331
150,2.678,0.380,0.899
151,2.690,0.363,0.885
152,2.703,0.638,1.068
153,2.715,0.896,1.196
154,2.728,0.291,0.823
155,2.740,0.885,1.191
156,2.753,0.473,0.967
157,2.765,0.974,1.230
158,2.778,0.360,0.883
159,2.790,0.680,1.091
160,2.807,0.430,0.937
161,2.823,0.632,1.065
162,2.840,0.627,1.062
163,2.857,0.512,0.992
164,2.873,0.575,1.032
165,2.890,0.830,1.166
166,2.907,0.212,0.739
167,2.923,0.643,1.071
168,2.940,1.570,1.442
169,2.957,0.611,1.053
170,2.973,0.414,0.924
171,2.990,0.525,1.001
172,3.003,0.351,0.876
173,3.017,0.192,0.716
174,3.030,0.581,1.035
175,3.043,0.322,0.851
176,3.057,0.710,1.107
177,3.070,0.809,1.156
178,3.083,0.782,1.143
179,3.097,0.819,1.161
180,3.110,0.519,0.997
181,3.123,0.404,0.917
182,3.137,0.468,0.963
183,3.150,0.328,0.856
184,3.163,0.351,0.875
185,3.177,0.977,1.231
186,3.190,0.342,0.868
187,3.207,0.396,0.911
188,3.223,0.391,0.908
189,3.240,0.819,1.161
190,3.257,0.317,0.846
191,3.273,1.018,1.248
192,3.290,0.536,1.008
193,3.307,0.199,0.724
194,3.323,0.326,0.854
195,3.340,0.402,0.916
196,3.357,0.283,0.814
197,3.373,0.440,0.943
198,3.390,0.351,0.875
199,3.403,0.991,1.237
200,3.415,0.124,0.618
201,3.428,0.720,1.112
202,3.440,0.517,0.996
203,3.453,0.336,0.862
204,3.465,0.355,0.878
205,3.478,0.486,0.976
206,3.490,0.377,0.897
207,3.503,0.280,0.812
208,3.515,0.748,1.126
209,3.528,0.459,0.957
210,3.540,0.486,0.976
211,3.553,0.671,1.086
212,3.565,0.390,0.906
213,3.578,0.372,0.893
214,3.590,0.611,1.053
215,3.607,0.592,1.042
216,3.623,0.643,1.071
217,3.640,0.450,0.951
218,3.657,0.333,0.860
219,3.673,0.180,0.700
220,3.690,0.714,1.109
221,3.707,0.327,0.855
222,3.723,0.378,0.897
223,3.740,0.338,0.864
224,3.757,0.418,0.928
225,3.773,0.482,0.973
226,3.790,0.764,1.134
227,3.807,0.323,0.851
228,3.823,0.634,1.066
229,3.840,0.412,0.924
230,3.857,0.634,1.066
231,3.873,0.443,0.946
232,3.890,0.562,1.024
233,3.907,0.366,0.887
234,3.923,0.444,0.947
235,3.940,0.755,1.130
236,3.957,0.755,1.130
237,3.973,0.370,0.891
238,3.990,0.337,0.863
239,4.002,0.530,1.004
240,4.014,0.599,1.046
241,4.025,0.574,1.031
242,4.037,0.615,1.055
243,4.049,0.216,0.744
244,4.061,0.517,0.996
245,4.072,0.515,0.994
246,4.084,0.680,1.091
247,4.096,0.496,0.982
248,4.108,0.554,1.019
249,4.119,0.359,0.882
250,4.131,0.297,0.828
251,4.143,0.428,0.935
252,4.155,0.535,1.007
253,4.166,0.581,1.035
254,4.178,0.766,1.135
255,4.190,0.397,0.912
256,4.201,0.979,1.232
257,4.211,0.133,0.634
258,4.222,0.432,0.938
259,4.232,0.442,0.945
260,4.243,0.596,1.044
261,4.253,1.174,1.309
262,4.264,0.566,1.026
263,4.274,0.429,0.936
264,4.285,0.680,1.091
265,4.295,0.388,0.905
266,4.306,0.656,1.078
267,4.316,0.472,0.966
268,4.327,1.490,1.417
269,4.337,0.608,1.051
270,4.348,0.301,0.832
271,4.358,0.744,1.124
272,4.369,0.373,0.893
273,4.379,0.514,0.994
274,4.390,0.466,0.962
275,4.408,0.674,1.088
276,4.426,10.96,2.756
277,4.445,0.638,1.068
278,4.463,0.880,1.189
279,4.481,0.261,0.793
280,4.499,0.196,0.721
281,4.517,0.394,0.909
282,4.535,0.450,0.951
283,4.554,0.378,0.897
284,4.572,0.627,1.062
285,4.590,0.998,1.240
286,4.603,0.398,0.912
287,4.615,0.486,0.975
288,4.628,0.223,0.753
289,4.640,0.517,0.996
290,4.653,0.262,0.793
291,4.665,0.645,1.072
292,4.678,0.428,0.935
293,4.690,0.332,0.859
294,4.703,0.591,1.041
295,4.715,0.782,1.143
296,4.728,0.445,0.947
297,4.740,0.278,0.810
298,4.753,0.335,0.861
299,4.765,0.608,1.051
300,4.778,0.538,1.009
301,4.790,0.502,0.986
302,4.819,0.308,0.838
303,4.847,0.634,1.066
304,4.876,0.604,1.049
305,4.904,0.544,1.013
306,4.933,0.606,1.050
307,4.961,0.705,1.104
308,4.990,0.438,0.942
309,5.012,0.972,1.229
310,5.034,0.905,1.200
311,5.057,0.390,0.907
312,5.079,0.891,1.194
313,5.101,0.640,1.069
314,5.123,0.326,0.854
315,5.146,0.611,1.053
316,5.168,0.841,1.171
317,5.190,1.161,1.304
318,5.208,0.490,0.978
319,5.226,0.832,1.167
320,5.245,0.691,1.097
321,5.263,0.491,0.979
322,5.281,0.684,1.093
323,5.299,0.424,0.932
324,5.317,1.073,1.270
325,5.335,0.364,0.886
326,5.354,0.115,0.603
327,5.372,0.830,1.166
328,5.390,0.613,1.054
329,5.402,0.408,0.920
330,5.414,0.307,0.837
331,5.425,0.650,1.075
332,5.437,0.504,0.988
333,5.449,0.849,1.175
334,5.461,1.232,1.330
335,5.472,1.265,1.342
336,5.484,0.689,1.096
337,5.496,0.317,0.846
338,5.508,0.557,1.021
339,5.519,0.363,0.885
340,5.531,1.062,1.266
341,5.543,0.357,0.880
342,5.555,0.374,0.894
343,5.566,0.205,0.731
344,5.578,0.406,0.918
345,5.590,0.387,0.904
346,5.610,0.190,0.714
347,5.630,0.615,1.055
348,5.650,0.288,0.819
349,5.670,0.535,1.007
350,5.690,0.237,0.768
351,5.710,0.403,0.917
352,5.730,0.241,0.772
353,5.750,0.326,0.854
354,5.770,0.549,1.016
355,5.790,2.251,1.626
356,5.802,0.649,1.074
357,5.813,0.367,0.888
358,5.825,0.598,1.045
359,5.836,0.133,0.634
360,5.848,1.992,1.561
361,5.860,0.410,0.922
362,5.871,1.060,1.265
363,5.883,0.453,0.953
364,5.894,0.574,1.031
365,5.906,0.484,0.974
366,5.918,0.406,0.919
367,5.929,0.601,1.047
368,5.941,0.385,0.903
369,5.952,0.751,1.128
370,5.964,0.301,0.832
371,5.976,0.948,1.219
372,5.987,0.522,0.999
373,5.999,0.350,0.875
374,6.010,0.401,0.915
375,6.022,0.315,0.844
376,6.034,0.362,0.884
377,6.045,0.380,0.899
378,6.057,0.398,0.912
379,6.068,0.305,0.835
380,6.080,0.378,0.897
381,6.102,0.119,0.611
382,6.124,1.148,1.299
383,6.147,0.589,1.040
384,6.169,0.409,0.921
385,6.191,0.363,0.885
386,6.213,0.311,0.841
387,6.236,0.365,0.887
388,6.258,0.413,0.924
389,6.280,0.391,0.907
390,6.297,0.339,0.866
391,6.313,0.714,1.109
392,6.330,0.575,1.032
393,6.347,0.680,1.091
394,6.363,0.839,1.170
395,6.380,0.340,0.866
396,6.397,0.360,0.883
397,6.413,0.341,0.867
398,6.430,0.143,0.649
399,6.447,0.882,1.190
400,6.463,0.227,0.756
401,6.480,0.411,0.922
402,6.497,0.638,1.068
403,6.513,0.716,1.110
404,6.530,0.561,1.023
405,6.547,0.569,1.028
406,6.563,1.180,1.311
407,6.580,0.228,0.758
408,6.597,0.276,0.808
409,6.613,0.541,1.011
410,6.630,0.410,0.922
411,6.647,0.599,1.046
412,6.663,0.599,1.046
413,6.680,0.849,1.175
414,6.695,0.325,0.853
415,6.711,0.308,0.838
416,6.726,0.390,0.906
417,6.742,0.447,0.949
418,6.757,1.277,1.346
419,6.772,0.538,1.009
420,6.788,2.720,1.732
421,6.803,0.440,0.944
422,6.818,0.541,1.011
423,6.834,0.367,0.888
424,6.849,0.343,0.869
425,6.865,0.461,0.958
426,6.880,0.525,1.001
427,6.902,0.362,0.884
428,6.924,0.691,1.097
429,6.947,1.013,1.246
430,6.969,0.383,0.901
431,6.991,0.728,1.116
432,7.013,0.460,0.958
433,7.036,0.916,1.205
434,7.058,0.629,1.063
435,7.080,0.433,0.939
436,7.090,0.210,0.738
437,7.099,0.395,0.910
438,7.109,0.120,0.611
439,7.118,0.736,1.120
440,7.128,1.055,1.263
441,7.137,0.482,0.973
442,7.147,0.429,0.936
443,7.156,0.422,0.931
444,7.166,0.766,1.135
445,7.175,0.128,0.625
446,7.185,0.514,0.994
447,7.194,0.596,1.044
448,7.204,0.295,0.826
449,7.213,0.569,1.028
450,7.223,0.478,0.970
451,7.232,0.435,0.940
452,7.242,0.115,0.603
453,7.251,0.434,0.939
454,7.261,0.326,0.854
455,7.270,0.533,1.006
456,7.280,0.435,0.940
457,7.300,0.712,1.108
458,7.320,0.530,1.004
459,7.340,0.313,0.843
460,7.360,0.326,0.854
461,7.380,0.415,0.926
462,7.400,0.499,0.984
463,7.420,0.514,0.994
464,7.440,0.468,0.963
465,7.460,0.212,0.740
466,7.480,0.329,0.857
467,7.492,0.658,1.079
468,7.504,0.687,1.095
469,7.515,0.499,0.984
470,7.527,0.430,0.937
471,7.539,0.794,1.149
472,7.551,0.830,1.166
473,7.562,0.376,0.895
474,7.574,0.535,1.007
475,7.586,0.115,0.603
476,7.598,0.549,1.016
477,7.609,0.632,1.065
478,7.621,0.317,0.846
479,7.633,0.115,0.603
480,7.645,0.362,0.885
481,7.656,0.617,1.056
482,7.668,0.466,0.962
483,7.680,0.471,0.966
484,7.705,0.479,0.971
485,7.730,0.925,1.209
486,7.755,0.564,1.025
487,7.780,0.615,1.055
488,7.805,0.755,1.130
489,7.830,0.426,0.934
490,7.855,1.001,1.241
491,7.880,0.475,0.968
492,7.895,0.411,0.922
493,7.911,0.569,1.028
494,7.926,0.402,0.915
495,7.942,0.803,1.153
496,7.957,0.422,0.930
497,7.972,0.127,0.623
498,7.988,0.273,0.805
499,8.003,0.691,1.097
500,8.018,0.405,0.918
501,8.034,0.656,1.078
502,8.049,0.699,1.101
503,8.065,0.129,0.627
504,8.080,0.647,1.073
505,8.095,0.415,0.925
506,8.111,0.462,0.959
507,8.126,0.411,0.922
508,8.142,0.898,1.197
509,8.157,0.403,0.917
510,8.172,0.514,0.994
511,8.188,0.533,1.006
512,8.203,0.368,0.889
513,8.218,0.149,0.658
514,8.234,0.487,0.976
515,8.249,0.640,1.069
516,8.265,0.530,1.004
517,8.280,0.512,0.993
518,8.309,0.285,0.817
519,8.337,1.145,1.298
520,8.366,0.116,0.605
521,8.394,0.873,1.186
522,8.423,0.440,0.944
523,8.451,0.608,1.051
524,8.480,0.641,1.070
525,8.500,0.443,0.946
526,8.520,0.344,0.869
527,8.540,0.784,1.144
528,8.560,0.460,0.958
529,8.580,0.364,0.886
530,8.600,0.667,1.084
531,8.620,0.118,0.609
532,8.640,0.403,0.916
533,8.660,0.452,0.953
534,8.680,0.606,1.050
535,8.697,0.967,1.227
536,8.713,0.738,1.121
537,8.730,0.689,1.096
538,8.747,0.310,0.840
539,8.763,0.742,1.123
540,8.780,0.751,1.128
541,8.797,0.554,1.019
542,8.813,0.405,0.918
543,8.830,1.010,1.245
544,8.847,0.488,0.977
545,8.863,0.123,0.617
546,8.880,0.407,0.919
547,8.895,0.900,1.198
548,8.911,0.370,0.891
549,8.926,0.393,0.909
550,8.942,0.535,1.007
551,8.957,0.296,0.827
552,8.972,0.331,0.859
553,8.988,0.130,0.629
554,9.003,0.641,1.070
555,9.018,0.180,0.701
556,9.034,0.543,1.012
557,9.049,1.148,1.299
558,9.065,0.710,1.107
559,9.080,0.115,0.604
560,9.098,0.921,1.207
561,9.116,0.782,1.143
562,9.135,0.133,0.633
563,9.153,0.468,0.963
564,9.171,0.955,1.222
565,9.189,0.409,0.921
566,9.207,0.489,0.978
567,9.225,0.458,0.956
568,9.244,0.591,1.041
569,9.262,0.539,1.010
570,9.280,0.415,0.926
571,9.309,0.348,0.873
572,9.337,0.663,1.082
573,9.366,0.751,1.128
574,9.394,0.368,0.889
575,9.423,0.385,0.902
576,9.451,0.891,1.194
577,9.480,1.185,1.313
578,9.494,0.499,0.984
579,9.509,0.222,0.751
580,9.523,1.140,1.296
581,9.537,1.045,1.259
582,9.551,1.080,1.273
583,9.566,0.374,0.894
584,9.580,1.121,1.289
585,9.594,0.489,0.978
586,9.609,0.357,0.880
587,9.623,0.247,0.778
588,9.637,0.815,1.159
589,9.651,0.660,1.080
590,9.666,0.127,0.624
591,9.680,0.336,0.862
592,9.713,0.559,1.022
593,9.747,0.530,1.004
594,9.780,0.574,1.031
595,9.813,0.531,1.005
596,9.847,0.431,0.937
597,9.880,0.898,1.197
598,9.905,0.489,0.978
599,9.930,0.131,0.630
600,9.955,0.342,0.868
601,9.980,1.008,1.244
602,10.005,0.276,0.808
603,10.030,0.792,1.148
604,10.055,0.397,0.912
605,10.080,0.515,0.995
606,10.098,0.824,1.163
607,10.116,0.486,0.976
608,10.135,0.516,0.995
609,10.153,0.348,0.872
610,10.171,0.401,0.915
611,10.189,0.340,0.866
612,10.207,0.514,0.994
613,10.225,0.364,0.886
614,10.244,0.584,1.037
615,10.262,0.415,0.925
616,10.280,0.461,0.959
617,10.295,0.524,1.000
618,10.311,0.328,0.856
619,10.326,0.507,0.989
620,10.342,0.455,0.954
621,10.357,1.477,1.413
622,10.372,0.786,1.145
623,10.388,0.220,0.749
624,10.403,0.734,1.119
625,10.418,0.121,0.613
626,10.434,0.792,1.148
627,10.449,0.401,0.915
628,10.465,0.535,1.007
629,10.480,0.453,0.953
630,10.500,0.480,0.971
631,10.520,0.557,1.021
632,10.540,0.463,0.960
633,10.560,0.572,1.030
634,10.580,0.896,1.196
635,10.600,0.501,0.986
636,10.620,0.703,1.103
637,10.640,0.617,1.056
638,10.660,0.599,1.046
639,10.680,0.432,0.938
640,10.694,0.960,1.224
641,10.709,0.285,0.817
642,10.723,0.349,0.874
643,10.737,0.472,0.966
644,10.751,0.724,1.114
645,10.766,0.202,0.727
646,10.780,0.552,1.018
647,10.794,0.610,1.052
648,10.809,0.546,1.014
649,10.823,0.738,1.121
650,10.837,0.121,0.614
651,10.851,0.143,0.648
652,10.866,0.158,0.671
653,10.880,0.403,0.917
654,10.893,0.321,0.850
655,10.907,0.697,1.100
656,10.920,1.098,1.280
657,10.933,1.060,1.265
658,10.947,0.374,0.894
659,10.960,1.701,1.481
660,10.973,0.538,1.009
661,10.987,0.262,0.794
662,11.000,0.770,1.137
663,11.013,0.928,1.210
664,11.027,0.465,0.961
665,11.040,0.617,1.056
666,11.053,0.645,1.072
667,11.067,0.456,0.955
668,11.080,0.330,0.858
669,11.089,0.348,0.873
670,11.098,0.361,0.884
671,11.107,0.482,0.973
672,11.116,0.391,0.907
673,11.125,0.903,1.199
674,11.135,0.444,0.946
675,11.144,1.108,1.284
676,11.153,0.306,0.836
677,11.162,0.149,0.657
678,11.171,0.544,1.013
679,11.180,0.376,0.896
680,11.189,0.458,0.957
681,11.198,0.503,0.986
682,11.207,0.452,0.952
683,11.216,0.444,0.947
684,11.225,0.128,0.625
685,11.235,0.472,0.966
686,11.244,0.428,0.935
687,11.253,0.453,0.953
688,11.262,0.528,1.003
689,11.271,0.117,0.607
690,11.280,0.257,0.789
691,11.297,0.119,0.610
692,11.313,0.575,1.032
693,11.330,1.185,1.313
694,11.347,0.508,0.990
695,11.363,0.425,0.933
696,11.380,0.160,0.674
697,11.397,0.536,1.008
698,11.413,0.572,1.030
699,11.430,0.475,0.968
700,11.447,0.114,0.601
701,11.463,0.515,0.995
702,11.480,0.689,1.096
703,11.497,0.349,0.874
704,11.513,0.123,0.617
705,11.530,0.443,0.946
706,11.547,0.382,0.900
707,11.563,0.366,0.887
708,11.580,0.551,1.017
709,11.597,0.522,0.999
710,11.613,0.572,1.030
711,11.630,0.592,1.042
712,11.647,0.117,0.607
713,11.663,0.428,0.935
714,11.680,0.406,0.919
715,11.695,0.641,1.070
716,11.711,0.121,0.613
717,11.726,0.495,0.982
718,11.742,0.117,0.607
719,11.757,0.730,1.117
720,11.772,0.510,0.991
721,11.788,0.914,1.204
722,11.803,0.423,0.931
723,11.818,0.275,0.807
724,11.834,0.260,0.792
725,11.849,0.494,0.981
726,11.865,0.291,0.822
727,11.880,0.579,1.034
728,11.898,0.119,0.610
729,11.916,0.442,0.945
730,11.935,0.676,1.089
731,11.953,0.493,0.980
732,11.971,0.525,1.001
733,11.989,0.663,1.082
734,12.007,1.090,1.277
735,12.025,0.556,1.020
736,12.044,0.445,0.947
737,12.062,0.513,0.993
738,12.080,0.796,1.150
739,12.105,0.559,1.022
740,12.130,0.348,0.873
741,12.155,0.862,1.181
742,12.180,0.815,1.159
743,12.205,0.505,0.988
744,12.230,1.169,1.307
745,12.255,0.530,1.004
746,12.280,0.724,1.114
747,12.290,0.528,1.003
748,12.299,0.411,0.922
749,12.309,0.873,1.186
750,12.318,0.421,0.930
751,12.328,0.502,0.986
752,12.337,0.119,0.611
753,12.347,0.435,0.940
754,12.356,0.266,0.798
755,12.366,0.742,1.123
756,12.375,0.828,1.165
757,12.385,1.788,1.506
758,12.394,0.470,0.965
759,12.404,0.194,0.718
760,12.413,0.559,1.022
761,12.423,0.160,0.673
762,12.432,0.587,1.039
763,12.442,0.462,0.959
764,12.451,0.353,0.877
765,12.461,0.477,0.969
766,12.470,0.828,1.165
767,12.480,0.426,0.933
768,12.500,0.149,0.658
769,12.520,0.392,0.908
770,12.540,0.245,0.776
771,12.560,0.693,1.098
772,12.580,0.716,1.110
773,12.600,0.386,0.903
774,12.620,0.596,1.044
775,12.640,2.514,1.687
776,12.660,0.706,1.105
777,12.680,0.448,0.949
778,12.693,0.467,0.962
779,12.705,0.323,0.851
780,12.718,0.410,0.922
781,12.730,0.645,1.072
782,12.743,0.539,1.010
783,12.755,1.164,1.305
784,12.768,0.410,0.922
785,12.780,0.525,1.001
786,12.793,0.308,0.838
787,12.805,0.296,0.826
788,12.818,0.158,0.671
789,12.830,0.691,1.097
790,12.843,0.133,0.633
791,12.855,0.265,0.797
792,12.868,0.518,0.997
793,12.880,0.124,0.619
794,12.892,0.424,0.932
795,12.904,0.478,0.970
796,12.915,0.896,1.196
797,12.927,0.462,0.959
798,12.939,0.415,0.926
799,12.951,0.618,1.057
800,12.962,0.336,0.863
801,12.974,0.247,0.778
802,12.986,0.900,1.198
803,12.998,0.188,0.711
804,13.009,0.449,0.950
805,13.021,0.126,0.622
806,13.033,0.551,1.017
807,13.045,0.610,1.052
808,13.056,0.776,1.140
809,13.068,0.468,0.963
810,13.080,0.484,0.974
811,13.098,0.401,0.915
812,13.116,0.531,1.005
813,13.135,0.522,0.999
814,13.153,0.511,0.992
815,13.171,0.308,0.838
816,13.189,0.458,0.957
817,13.207,1.778,1.503
818,13.225,0.186,0.708
819,13.244,0.435,0.940
820,13.262,0.418,0.928
821,13.280,0.660,1.080
822,13.300,0.422,0.931
823,13.320,0.380,0.899
824,13.340,0.676,1.089
825,13.360,0.463,0.960
826,13.380,0.430,0.936
827,13.400,1.554,1.437
828,13.420,0.699,1.101
829,13.440,0.346,0.871
830,13.460,0.425,0.933
831,13.480,0.276,0.808
832,13.509,0.410,0.921
833,13.537,0.552,1.018
834,13.566,0.421,0.930
835,13.594,0.527,1.002
836,13.623,0.115,0.603
837,13.651,0.674,1.088
838,13.680,0.528,1.003
839,13.693,0.115,0.603
840,13.707,0.935,1.213
841,13.720,0.126,0.623
842,13.733,0.409,0.921
843,13.747,0.705,1.104
844,13.760,0.811,1.157
845,13.773,0.762,1.133
846,13.787,0.116,0.604
847,13.800,0.457,0.956
848,13.813,0.970,1.228
849,13.827,0.258,0.790
850,13.840,0.371,0.892
851,13.853,0.330,0.857
852,13.867,0.322,0.850
853,13.880,0.189,0.712
854,13.909,0.414,0.925
855,13.937,1.670,1.472
856,13.966,0.828,1.165
857,13.994,0.667,1.084
858,14.023,0.581,1.035
859,14.051,0.337,0.864
860,14.080,0.536,1.008
861,14.102,0.876,1.187
862,14.124,0.413,0.924
863,14.147,0.489,0.977
864,14.169,0.891,1.194
865,14.191,0.699,1.101
866,14.213,0.472,0.966
867,14.236,0.603,1.048
868,14.258,0.436,0.941
869,14.280,1.153,1.301
870,14.309,0.372,0.892
871,14.337,0.127,0.624
872,14.366,0.584,1.037
873,14.394,0.155,0.666
874,14.423,0.267,0.799
875,14.451,0.528,1.003
876,14.480,0.965,1.226
877,14.490,0.498,0.983
878,14.500,1.277,1.346
879,14.510,0.326,0.854
880,14.520,0.216,0.744
881,14.530,1.235,1.331
882,14.540,0.274,0.806
883,14.550,0.738,1.121
884,14.560,0.546,1.014
885,14.570,0.375,0.895
886,14.580,0.530,1.004
887,14.590,0.375,0.895
888,14.600,0.460,0.958
889,14.610,0.457,0.956
890,14.620,0.137,0.640
891,14.630,0.367,0.888
892,14.640,0.366,0.888
893,14.650,0.726,1.115
894,14.660,0.469,0.964
895,14.670,0.522,0.999
896,14.680,1.078,1.272
897,14.693,0.841,1.171
898,14.707,0.796,1.150
899,14.720,0.811,1.157
900,14.733,1.161,1.304
901,14.747,0.965,1.226
902,14.760,0.441,0.944
903,14.773,0.269,0.801
904,14.787,0.453,0.953
905,14.800,0.507,0.989
906,14.813,0.782,1.143
907,14.827,0.755,1.130
908,14.840,0.283,0.815
909,14.853,0.564,1.025
910,14.867,0.120,0.612
911,14.880,0.586,1.038
912,14.894,0.380,0.899
913,14.909,0.388,0.905
914,14.923,0.489,0.978
915,14.937,0.546,1.014
916,14.951,0.503,0.987
917,14.966,0.523,1.000
918,14.980,0.119,0.611
919,14.994,0.391,0.907
920,15.009,0.790,1.147
921,15.023,0.352,0.876
922,15.037,0.627,1.062
923,15.051,0.528,1.003
924,15.066,0.419,0.929
925,15.080,0.423,0.932
926,15.094,0.494,0.981
927,15.109,0.710,1.107
928,15.123,0.667,1.084
929,15.137,0.391,0.907
930,15.151,0.643,1.071
931,15.166,0.310,0.839
932,15.180,0.684,1.093
933,15.194,0.471,0.965
934,15.209,0.117,0.607
935,15.223,0.592,1.042
936,15.237,0.442,0.945
937,15.251,0.645,1.072
938,15.266,1.042,1.258
939,15.280,0.620,1.058
940,15.302,0.712,1.108
941,15.324,0.125,0.621
942,15.347,0.873,1.186
943,15.369,0.484,0.974
944,15.391,0.336,0.862
945,15.413,1.221,1.326
946,15.436,0.115,0.604
947,15.458,0.909,1.202
948,15.480,0.137,0.640
949,15.498,0.552,1.018
950,15.516,0.615,1.055
951,15.535,0.525,1.001
952,15.553,0.661,1.081
953,15.571,0.466,0.962
954,15.589,0.116,0.606
955,15.607,0.407,0.920
956,15.625,0.447,0.949
957,15.644,0.127,0.624
958,15.662,0.525,1.001
959,15.680,1.156,1.302
960,15.693,0.118,0.609
961,15.707,0.538,1.009
962,15.720,0.128,0.625
963,15.733,0.402,0.916
964,15.747,0.432,0.938
965,15.760,0.572,1.030
966,15.773,0.458,0.956
967,15.787,0.493,0.980
968,15.800,0.554,1.019
969,15.813,1.169,1.307
970,15.827,0.292,0.823
971,15.840,0.705,1.104
972,15.853,0.116,0.606
973,15.867,0.530,1.004
974,15.880,0.123,0.617
975,15.898,0.141,0.646
976,15.916,0.889,1.193
977,15.935,0.259,0.790
978,15.953,0.170,0.688
979,15.971,0.691,1.097
980,15.989,0.476,0.969
981,16.007,0.636,1.067
982,16.025,0.480,0.971
983,16.044,0.288,0.820
984,16.062,0.561,1.023
985,16.080,0.333,0.860
986,16.098,0.539,1.010
987,16.116,0.305,0.835
988,16.135,0.581,1.035
989,16.153,1.158,1.303
990,16.171,0.116,0.605
991,16.189,0.349,0.874
992,16.207,0.645,1.072
993,16.225,0.561,1.023
994,16.244,0.408,0.920
995,16.262,0.130,0.628
996,16.280,0.445,0.947
997,16.291,0.581,1.035
998,16.302,0.557,1.021
999,16.313,1.232,1.330
1000,16.324,0.427,0.935
1001,16.336,0.345,0.870
1002,16.347,0.387,0.904
1003,16.358,0.566,1.026
1004,16.369,0.566,1.026
1005,16.380,0.528,1.003
1006,16.391,0.898,1.197
1007,16.402,1.132,1.293
1008,16.413,0.697,1.100
1009,16.424,0.135,0.636
1010,16.436,0.636,1.067
1011,16.447,0.566,1.026
1012,16.458,0.281,0.813
1013,16.469,0.114,0.602
1014,16.480,1.142,1.297
1015,16.493,0.275,0.807
1016,16.505,0.351,0.875
1017,16.517,0.882,1.190
1018,16.530,0.834,1.168
1019,16.543,0.134,0.635
1020,16.555,0.318,0.847
1021,16.568,0.586,1.038
1022,16.580,0.177,0.696
1023,16.593,0.467,0.963
1024,16.605,0.932,1.212
1025,16.618,0.708,1.106
1026,16.630,0.620,1.058
1027,16.642,0.682,1.092
1028,16.655,2.938,1.777
1029,16.668,0.482,0.973
1030,16.680,0.492,0.980
1031,16.700,0.124,0.619
1032,16.720,0.923,1.208
1033,16.740,0.561,1.023
1034,16.760,0.755,1.130
1035,16.780,0.581,1.035
1036,16.800,0.355,0.879
1037,16.820,0.477,0.969
1038,16.840,0.570,1.029
1039,16.860,0.649,1.074
1040,16.880,0.237,0.768
1041,16.895,0.440,0.944
1042,16.911,0.525,1.001
1043,16.926,0.482,0.973
1044,16.942,0.834,1.168
1045,16.957,0.768,1.136
1046,16.972,0.539,1.010
1047,16.988,0.508,0.990
1048,17.003,0.117,0.607
1049,17.018,0.124,0.619
1050,17.034,0.570,1.029
1051,17.049,0.373,0.893
1052,17.065,0.592,1.042
1053,17.080,0.706,1.105
1054,17.097,0.120,0.612
1055,17.113,0.736,1.120
1056,17.130,0.398,0.913
1057,17.147,0.676,1.089
1058,17.163,0.520,0.998
1059,17.180,0.125,0.621
1060,17.197,0.477,0.969
1061,17.213,0.480,0.972
1062,17.230,0.541,1.011
1063,17.247,0.742,1.123
1064,17.263,1.121,1.289
1065,17.280,0.640,1.069
1066,17.309,0.129,0.626
1067,17.337,0.378,0.897
1068,17.366,0.491,0.979
1069,17.394,0.356,0.880
1070,17.423,0.134,0.634
1071,17.451,0.645,1.072
1072,17.480,0.409,0.921
1073,17.490,0.753,1.129
1074,17.500,0.935,1.213
1075,17.510,0.538,1.009
1076,17.520,0.567,1.027
1077,17.530,0.572,1.030
1078,17.540,0.608,1.051
1079,17.550,0.396,0.911
1080,17.560,0.742,1.123
1081,17.570,0.383,0.901
1082,17.580,3.225,1.833
1083,17.590,0.494,0.981
1084,17.600,0.569,1.028
1085,17.610,0.120,0.611
1086,17.620,0.740,1.122
1087,17.630,0.128,0.625
1088,17.640,0.658,1.079
1089,17.650,0.365,0.887
1090,17.660,0.479,0.971
1091,17.670,0.780,1.142
1092,17.680,0.329,0.857
1093,17.694,0.126,0.623
1094,17.709,0.579,1.034
1095,17.723,0.811,1.157
1096,17.737,0.344,0.869
1097,17.751,0.138,0.641
1098,17.766,0.523,1.000
1099,17.780,1.237,1.332
1100,17.794,1.042,1.258
1101,17.809,0.444,0.946
1102,17.823,0.334,0.861
1103,17.837,0.325,0.853
1104,17.851,0.448,0.949
1105,17.866,0.476,0.969
1106,17.880,0.486,0.976
1107,17.905,0.525,1.001
1108,17.930,0.742,1.123
1109,17.955,0.564,1.025
1110,17.980,0.119,0.610
1111,18.005,1.897,1.536
1112,18.030,0.527,1.002
1113,18.055,0.455,0.954
1114,18.080,0.541,1.011
1115,18.102,0.740,1.122
1116,18.124,0.356,0.879
1117,18.147,0.353,0.877
1118,18.169,0.337,0.864
1119,18.191,0.260,0.792
1120,18.213,0.663,1.082
1121,18.236,0.138,0.641
1122,18.258,0.366,0.887
1123,18.280,0.429,0.936
1124,18.297,0.640,1.069
1125,18.313,1.101,1.281
1126,18.330,0.329,0.857
1127,18.347,0.153,0.664
1128,18.363,0.439,0.943
1129,18.380,0.515,0.995
1130,18.397,0.697,1.100
1131,18.413,0.433,0.939
1132,18.430,0.498,0.983
1133,18.447,0.262,0.794
1134,18.463,0.589,1.040
1135,18.480,0.448,0.950
1136,18.496,0.119,0.611
1137,18.512,0.357,0.880
1138,18.527,0.116,0.605
1139,18.543,1.406,1.390
1140,18.559,0.427,0.934
1141,18.575,0.574,1.031
1142,18.591,0.462,0.959
1143,18.606,0.636,1.067
1144,18.622,0.708,1.106
1145,18.638,0.776,1.140
1146,18.654,0.266,0.798
1147,18.670,0.527,1.002
1148,18.685,0.123,0.618
1149,18.701,0.891,1.194
1150,18.717,0.300,0.831
1151,18.733,0.512,0.993
1152,18.749,0.447,0.948
1153,18.765,0.925,1.209
1154,18.780,0.686,1.094
1155,18.796,0.638,1.068
1156,18.812,1.616,1.456
1157,18.828,0.718,1.111
1158,18.844,0.708,1.106
1159,18.859,0.649,1.074
1160,18.875,0.499,0.984
1161,18.891,0.383,0.901
1162,18.907,0.481,0.972
1163,18.923,0.891,1.194
1164,18.938,0.328,0.856
1165,18.954,0.458,0.957
1166,18.970,1.708,1.483
1167,18.983,0.256,0.788
1168,18.997,0.604,1.049
1169,19.010,0.340,0.866
1170,19.023,0.562,1.024
1171,19.037,0.363,0.885
1172,19.050,0.631,1.064
1173,19.063,0.582,1.036
1174,19.077,0.594,1.043
1175,19.090,0.376,0.896
1176,19.103,0.539,1.010
1177,19.117,0.410,0.922
1178,19.130,0.379,0.898
1179,19.143,0.960,1.224
1180,19.157,0.596,1.044
1181,19.170,0.242,0.774
1182,19.180,0.684,1.093
1183,19.190,0.456,0.955
1184,19.200,0.625,1.061
1185,19.210,0.310,0.839
1186,19.220,0.448,0.950
1187,19.230,0.450,0.951
1188,19.240,0.129,0.628
1189,19.250,0.699,1.101
1190,19.260,0.796,1.150
1191,19.270,0.909,1.202
1192,19.280,1.277,1.346
1193,19.290,0.128,0.625
1194,19.300,0.450,0.951
1195,19.310,0.493,0.980
1196,19.320,0.488,0.977
1197,19.330,0.162,0.676
1198,19.340,0.128,0.625
1199,19.350,0.591,1.041
1200,19.360,0.304,0.834
1201,19.370,0.699,1.101
1202,19.410,0.114,0.601
1203,19.450,0.122,0.615
1204,19.490,0.525,1.001
1205,19.530,0.269,0.801
1206,19.570,0.935,1.213
1207,19.588,0.366,0.888
1208,19.606,0.400,0.915
1209,19.625,0.391,0.908
1210,19.643,0.128,0.625
1211,19.661,0.393,0.909
1212,19.679,0.123,0.617
1213,19.697,0.385,0.902
1214,19.715,0.776,1.140
1215,19.734,0.513,0.994
1216,19.752,0.400,0.915
1217,19.770,0.601,1.047
1218,19.803,0.559,1.022
1219,19.837,0.501,0.985
1220,19.870,0.395,0.911
1221,19.903,0.162,0.676
1222,19.937,0.434,0.939
1223,19.970,5.417,2.179
1224,19.992,0.541,1.011
1225,20.014,0.441,0.945
1226,20.037,1.006,1.243
1227,20.059,0.126,0.621
1228,20.081,0.390,0.906
1229,20.103,0.570,1.029
1230,20.126,0.780,1.142
1231,20.148,0.115,0.603
1232,20.170,1.207,1.321
1233,20.195,0.643,1.071
1234,20.220,1.033,1.254
1235,20.245,0.615,1.055
1236,20.270,0.116,0.604
1237,20.295,0.570,1.029
1238,20.320,0.118,0.609
1239,20.345,0.622,1.059
1240,20.370,0.843,1.172
1241,20.384,0.139,0.643
1242,20.399,0.546,1.014
1243,20.413,0.391,0.907
1244,20.427,0.603,1.048
1245,20.441,0.120,0.612
1246,20.456,0.379,0.898
1247,20.470,0.117,0.607
1248,20.484,9.160,2.596
1249,20.499,0.671,1.086
1250,20.513,0.467,0.963
1251,20.527,5.477,2.187
1252,20.541,0.716,1.110
1253,20.556,0.645,1.072
1254,20.570,0.117,0.608
1255,20.584,0.218,0.747
1256,20.599,0.485,0.975
1257,20.613,0.876,1.187
1258,20.627,0.338,0.865
1259,20.641,0.505,0.988
1260,20.656,0.531,1.005
1261,20.670,0.124,0.619
1262,20.684,0.649,1.074
1263,20.699,0.480,0.971
1264,20.713,0.624,1.060
1265,20.727,0.362,0.884
1266,20.741,0.122,0.616
1267,20.756,0.527,1.002
1268,20.770,0.530,1.004
1269,20.784,0.333,0.860
1270,20.799,0.541,1.011
1271,20.813,0.203,0.729
1272,20.827,0.824,1.163
1273,20.841,0.287,0.818
1274,20.856,0.475,0.968
1275,20.870,0.469,0.964
1276,20.884,0.477,0.970
1277,20.899,0.403,0.916
1278,20.913,0.431,0.937
1279,20.927,0.596,1.044
1280,20.941,1.003,1.242
1281,20.956,0.368,0.889
1282,20.970,0.122,0.615
1283,20.992,0.805,1.154
1284,21.014,0.339,0.865
1285,21.037,0.388,0.905
1286,21.059,0.448,0.949
1287,21.081,0.139,0.643
1288,21.103,1.174,1.309
1289,21.126,0.714,1.109
1290,21.148,0.762,1.133
1291,21.170,0.268,0.800
1292,21.199,0.362,0.884
1293,21.227,0.360,0.883
1294,21.256,0.706,1.105
1295,21.284,0.270,0.802
1296,21.313,0.608,1.051
1297,21.341,0.569,1.028
1298,21.370,0.355,0.878
1299,21.390,0.121,0.614
1300,21.410,0.121,0.614
1301,21.430,0.502,0.986
1302,21.450,0.123,0.617
1303,21.470,0.191,0.714
1304,21.490,0.344,0.869
1305,21.510,0.687,1.095
1306,21.530,0.232,0.763
1307,21.550,2.272,1.631
1308,21.570,0.352,0.876
1309,21.610,0.244,0.775
1310,21.650,0.354,0.878
1311,21.690,0.304,0.834
1312,21.730,0.325,0.853
1313,21.770,0.350,0.874
1314,21.787,0.358,0.881
1315,21.803,0.244,0.775
1316,21.820,0.145,0.652
1317,21.837,0.488,0.977
1318,21.853,0.499,0.984
1319,21.870,0.468,0.964
1320,21.887,0.267,0.799
1321,21.903,0.617,1.056
1322,21.920,1.083,1.274
1323,21.937,0.350,0.874
1324,21.953,0.656,1.078
1325,21.970,1.148,1.299
1326,21.982,0.430,0.937
1327,21.994,0.574,1.031
1328,22.005,0.749,1.127
1329,22.017,0.370,0.891
1330,22.029,0.527,1.002
1331,22.041,0.708,1.106
1332,22.052,0.541,1.011
1333,22.064,0.483,0.973
1334,22.076,0.403,0.916
1335,22.088,0.123,0.617
1336,22.099,0.137,0.640
1337,22.111,0.479,0.971
1338,22.123,0.458,0.956
1339,22.135,0.663,1.082
1340,22.146,0.371,0.892
1341,22.158,0.343,0.869
1342,22.170,0.133,0.633
1343,22.182,1.035,1.255
1344,22.194,0.307,0.837
1345,22.205,0.970,1.228
1346,22.217,0.813,1.158
1347,22.229,0.230,0.760
1348,22.241,0.377,0.897
1349,22.252,0.224,0.753
1350,22.264,0.730,1.117
1351,22.276,0.148,0.656
1352,22.288,0.504,0.988
1353,22.299,0.611,1.053
1354,22.311,0.345,0.870
1355,22.323,0.539,1.010
1356,22.335,0.497,0.983
1357,22.346,0.591,1.041
1358,22.358,0.383,0.901
1359,22.370,0.528,1.003
1360,22.382,0.377,0.897
1361,22.394,0.345,0.870
1362,22.405,0.463,0.960
1363,22.417,0.407,0.920
1364,22.429,0.613,1.054
1365,22.441,0.684,1.093
1366,22.452,0.496,0.982
1367,22.464,0.923,1.208
1368,22.476,0.292,0.823
1369,22.488,0.122,0.616
1370,22.499,0.439,0.943
1371,22.511,0.544,1.013
1372,22.523,0.338,0.865
1373,22.535,0.687,1.095
1374,22.546,0.912,1.203
1375,22.558,0.652,1.076
1376,22.570,0.652,1.076
1377,22.583,0.375,0.895
1378,22.595,0.126,0.623
1379,22.608,1.047,1.260
1380,22.620,0.493,0.980
1381,22.633,0.510,0.992
1382,22.645,0.544,1.013
1383,22.658,0.697,1.100
1384,22.670,0.627,1.062
1385,22.683,0.559,1.022
1386,22.695,0.468,0.963
1387,22.708,0.396,0.911
1388,22.720,0.699,1.101
1389,22.733,0.631,1.064
1390,22.745,0.482,0.973
1391,22.758,0.645,1.072
1392,22.770,0.401,0.915
1393,22.792,0.469,0.964
1394,22.814,0.370,0.891
1395,22.837,0.474,0.967
1396,22.859,0.137,0.640
1397,22.881,0.686,1.094
1398,22.903,0.984,1.234
1399,22.926,0.885,1.191
1400,22.948,0.538,1.009
1401,22.970,0.720,1.112
1402,22.984,0.689,1.096
1403,22.999,0.324,0.852
1404,23.013,0.474,0.967
1405,23.027,0.491,0.979
1406,23.041,0.437,0.942
1407,23.056,0.554,1.019
1408,23.070,0.564,1.025
1409,23.084,0.453,0.953
1410,23.099,0.228,0.758
1411,23.113,0.386,0.903
1412,23.127,0.930,1.211
1413,23.141,0.126,0.622
1414,23.156,0.376,0.896
1415,23.170,0.143,0.649
1416,23.184,0.479,0.971
1417,23.199,0.736,1.120
1418,23.213,0.796,1.150
1419,23.227,0.385,0.903
1420,23.241,0.188,0.711
1421,23.256,0.722,1.113
1422,23.270,0.521,0.998
1423,23.284,0.549,1.016
1424,23.299,0.520,0.998
1425,23.313,0.525,1.001
1426,23.327,0.847,1.174
1427,23.341,0.736,1.120
1428,23.356,0.697,1.100
1429,23.370,0.411,0.923
1430,23.390,0.467,0.962
1431,23.410,0.803,1.153
1432,23.430,2.097,1.588
1433,23.450,0.467,0.962
1434,23.470,0.289,0.820
1435,23.490,0.434,0.939
1436,23.510,0.674,1.088
1437,23.530,0.396,0.911
1438,23.550,0.374,0.894
1439,23.570,0.753,1.129
1440,23.588,0.203,0.729
1441,23.606,0.267,0.799
1442,23.625,0.337,0.864
1443,23.643,0.611,1.053
1444,23.661,0.229,0.759
1445,23.679,0.663,1.082
1446,23.697,0.889,1.193
1447,23.715,0.452,0.952
1448,23.734,0.448,0.949
1449,23.752,1.030,1.253
1450,23.770,0.522,0.999
1451,23.784,0.503,0.986
1452,23.799,0.438,0.942
1453,23.813,0.413,0.924
1454,23.827,0.830,1.166
1455,23.841,0.697,1.100
1456,23.856,0.817,1.160
1457,23.870,0.572,1.030
1458,23.884,0.322,0.851
1459,23.899,0.500,0.985
1460,23.913,0.145,0.652
1461,23.927,0.503,0.987
1462,23.941,0.434,0.940
1463,23.956,0.400,0.915
1464,23.970,0.329,0.857
1465,23.990,0.467,0.963
1466,24.010,0.328,0.856
1467,24.030,0.496,0.982
1468,24.050,0.352,0.876
1469,24.070,0.432,0.938
1470,24.090,0.317,0.846
1471,24.110,0.365,0.887
1472,24.130,0.306,0.836
1473,24.150,0.156,0.668
1474,24.170,0.450,0.951
1475,24.185,0.701,1.102
1476,24.201,0.658,1.079
1477,24.216,0.632,1.065
1478,24.232,0.122,0.616
1479,24.247,0.575,1.032
1480,24.262,0.284,0.816
1481,24.278,0.205,0.732
1482,24.293,0.824,1.163
1483,24.308,0.492,0.979
1484,24.324,0.419,0.928
1485,24.339,0.475,0.968
1486,24.355,0.117,0.607
1487,24.370,0.511,0.992
1488,24.387,0.434,0.939
1489,24.403,0.186,0.709
1490,24.420,0.423,0.931
1491,24.437,0.317,0.846
1492,24.453,0.430,0.937
1493,24.470,0.490,0.978
1494,24.487,0.116,0.605
1495,24.503,0.570,1.029
1496,24.520,0.259,0.790
1497,24.537,1.050,1.261
1498,24.553,0.632,1.065
1499,24.570,0.384,0.902
1500,24.592,0.381,0.899
1501,24.614,0.398,0.913
1502,24.637,0.817,1.160
1503,24.659,0.449,0.950
1504,24.681,0.436,0.941
1505,24.703,0.708,1.106
1506,24.726,1.633,1.461
1507,24.748,0.491,0.979
1508,24.770,1.586,1.447
1509,24.790,0.517,0.996
1510,24.810,0.535,1.007
1511,24.830,0.149,0.658
1512,24.850,0.244,0.775
1513,24.870,0.267,0.799
1514,24.890,0.937,1.214
1515,24.910,0.461,0.959
1516,24.930,1.142,1.297
1517,24.950,0.116,0.605
1518,24.970,0.622,1.059
1519,24.987,0.122,0.615
1520,25.003,0.115,0.603
1521,25.020,0.572,1.030
1522,25.037,0.405,0.918
1523,25.053,0.502,0.986
1524,25.070,0.738,1.121
1525,25.087,0.115,0.603
1526,25.103,0.695,1.099
1527,25.120,0.116,0.605
1528,25.137,0.421,0.930
1529,25.153,0.991,1.237
1530,25.170,0.641,1.070
1531,25.183,0.302,0.832
1532,25.197,0.393,0.909
1533,25.210,0.710,1.107
1534,25.223,0.115,0.604
1535,25.237,0.452,0.952
1536,25.250,0.114,0.602
1537,25.263,0.427,0.934
1538,25.277,0.876,1.187
1539,25.290,0.720,1.112
1540,25.303,0.373,0.893
1541,25.317,0.412,0.923
1542,25.330,0.386,0.903
1543,25.343,0.116,0.605
1544,25.357,0.250,0.781
1545,25.370,0.615,1.055
1546,25.390,0.340,0.866
1547,25.410,0.497,0.983
1548,25.430,0.676,1.089
1549,25.450,0.250,0.781
1550,25.470,0.354,0.877
1551,25.490,0.236,0.767
1552,25.510,0.615,1.055
1553,25.530,0.369,0.890
1554,25.550,1.215,1.324
1555,25.570,0.400,0.914
1556,25.584,0.340,0.866
1557,25.599,0.416,0.926
1558,25.613,0.562,1.024
1559,25.627,0.333,0.860
1560,25.641,0.993,1.238
1561,25.656,0.758,1.131
1562,25.670,1.106,1.283
1563,25.684,0.591,1.041
1564,25.699,0.212,0.740
1565,25.713,0.418,0.927
1566,25.727,0.390,0.906
1567,25.741,0.640,1.069
1568,25.756,0.352,0.876
1569,25.770,0.485,0.975
1570,25.781,0.862,1.181
1571,25.791,0.549,1.016
1572,25.802,0.319,0.848
1573,25.812,0.551,1.017
1574,25.823,0.380,0.898
1575,25.833,1.119,1.288
1576,25.844,0.257,0.789
1577,25.854,0.428,0.935
1578,25.865,0.360,0.883
1579,25.875,0.458,0.956
1580,25.886,0.280,0.812
1581,25.896,0.684,1.093
1582,25.907,0.788,1.146
1583,25.917,1.254,1.338
1584,25.928,0.309,0.839
1585,25.938,0.124,0.618
1586,25.949,0.549,1.016
1587,25.959,0.219,0.748
1588,25.970,0.405,0.918
1589,25.985,0.601,1.047
1590,26.001,0.539,1.010
1591,26.016,0.807,1.155
1592,26.032,0.513,0.994
1593,26.047,0.473,0.967
1594,26.062,0.543,1.012
1595,26.078,0.525,1.001
1596,26.093,1.400,1.388
1597,26.108,0.169,0.686
1598,26.124,1.172,1.308
1599,26.139,0.903,1.199
1600,26.155,0.267,0.799
1601,26.170,0.120,0.611
1602,26.190,0.594,1.043
1603,26.210,2.811,1.751
1604,26.230,0.465,0.961
1605,26.250,0.399,0.913
1606,26.270,0.551,1.017
1607,26.290,0.625,1.061
1608,26.310,0.404,0.917
1609,26.330,0.541,1.011
1610,26.350,0.480,0.971
1611,26.370,0.786,1.145
1612,26.387,0.515,0.995
1613,26.403,0.397,0.912
1614,26.420,0.768,1.136
1615,26.437,0.631,1.064
1616,26.453,0.587,1.039
1617,26.470,0.766,1.135
1618,26.487,0.204,0.730
1619,26.503,0.722,1.113
1620,26.520,0.326,0.854
1621,26.537,0.318,0.847
1622,26.553,0.554,1.019
1623,26.570,0.684,1.093
1624,26.595,0.643,1.071
1625,26.620,0.326,0.854
1626,26.645,0.484,0.974
1627,26.670,0.395,0.910
1628,26.695,0.129,0.627
1629,26.720,0.362,0.885
1630,26.745,0.117,0.606
1631,26.770,0.323,0.852
1632,26.783,0.379,0.898
1633,26.797,0.444,0.946
1634,26.810,0.462,0.959
1635,26.823,0.519,0.997
1636,26.837,0.629,1.063
1637,26.850,0.409,0.921
1638,26.863,0.334,0.861
1639,26.877,1.177,1.310
1640,26.890,1.124,1.290
1641,26.903,0.579,1.034
1642,26.917,0.481,0.972
1643,26.930,0.496,0.982
1644,26.943,1.846,1.522
1645,26.957,0.649,1.074
1646,26.970,0.370,0.891
1647,26.987,0.640,1.069
1648,27.003,0.728,1.116
1649,27.020,0.584,1.037
1650,27.037,0.891,1.194
1651,27.053,0.464,0.961
1652,27.070,0.586,1.038
1653,27.087,0.515,0.995
1654,27.103,0.599,1.046
1655,27.120,0.411,0.922
1656,27.137,0.443,0.946
1657,27.153,0.205,0.731
1658,27.170,0.672,1.087
1659,27.185,0.925,1.209
1660,27.201,0.506,0.989
1661,27.216,0.784,1.144
1662,27.232,0.935,1.213
1663,27.247,0.265,0.797
1664,27.262,1.226,1.328
1665,27.278,0.113,0.601
1666,27.293,0.667,1.084
1667,27.308,0.572,1.030
1668,27.324,0.182,0.703
1669,27.339,0.615,1.055
1670,27.355,0.164,0.679
1671,27.370,0.572,1.030
1672,27.392,0.782,1.143
1673,27.414,0.451,0.951
1674,27.436,0.432,0.938
1675,27.458,0.710,1.107

